FID,FID_Buildi,osm_id,name,type,startX,startY,endX,endY
0,2,297886143.000000000000000, ,school,-0.344502399999997,39.464217499999975,-0.344481400000036,39.464259699999999
1,2,297886143.000000000000000, ,school,-0.344481400000036,39.464259699999999,-0.344203999999999,39.464177899999981
2,2,297886143.000000000000000, ,school,-0.344203999999999,39.464177899999981,-0.344461399999980,39.464134799999968
3,2,297886143.000000000000000, ,school,-0.344461399999980,39.464134799999968,-0.344480799999986,39.464093400000010
4,2,297886143.000000000000000, ,school,-0.344480799999986,39.464093400000010,-0.344657799999976,39.464191999999997
5,2,297886143.000000000000000, ,school,-0.344657799999976,39.464191999999997,-0.344903100000022,39.464265500000039
6,2,297886143.000000000000000, ,school,-0.344903100000022,39.464265500000039,-0.344919200000022,39.464234000000005
7,2,297886143.000000000000000, ,school,-0.344919200000022,39.464234000000005,-0.344975499999973,39.464250500000041
8,2,297886143.000000000000000, ,school,-0.344975499999973,39.464250500000041,-0.344932900000001,39.464334100000031
9,2,297886143.000000000000000, ,school,-0.344932900000001,39.464334100000031,-0.344898000000044,39.464323100000009
10,2,297886143.000000000000000, ,school,-0.344898000000044,39.464323100000009,-0.344891899999983,39.464333900000014
11,2,297886143.000000000000000, ,school,-0.344891899999983,39.464333900000014,-0.344502399999997,39.464217499999975
12,16,447560127.000000000000000, , ,-0.345075100000042,39.464300700000017,-0.345211100000015,39.464342400000007
13,14,447560125.000000000000000, , ,-0.345211100000015,39.464342400000007,-0.345347500000021,39.464381599999960
14,19,447560130.000000000000000, , ,-0.345347500000021,39.464381599999960,-0.345449700000040,39.464172900000015
15,19,447560130.000000000000000, , ,-0.345449700000040,39.464172900000015,-0.345467299999986,39.464136799999956
16,19,447560130.000000000000000, , ,-0.345467299999986,39.464136799999956,-0.345532601271221,39.464156795847600
17,19,447560130.000000000000000, , ,-0.345532601271221,39.464156795847600,-0.345429300000039,39.464372600000019
18,19,447560130.000000000000000, , ,-0.345429300000039,39.464372600000019,-0.345479899999963,39.464387500000008
19,14,447560125.000000000000000, , ,-0.345154500000040,39.464458600000029,-0.345211100000015,39.464342400000007
20,16,447560127.000000000000000, , ,-0.345154500000040,39.464458600000029,-0.345211100000015,39.464342400000007
21,16,447560127.000000000000000, , ,-0.345154500000040,39.464458600000029,-0.345017199999959,39.464418099999961
22,16,447560127.000000000000000, , ,-0.345017199999959,39.464418099999961,-0.345075100000042,39.464300700000017
23,14,447560125.000000000000000, , ,-0.345347500000021,39.464381599999960,-0.345290099999979,39.464498699999972
24,19,447560130.000000000000000, , ,-0.345347500000021,39.464381599999960,-0.345290099999979,39.464498699999972
25,14,447560125.000000000000000, , ,-0.345290099999979,39.464498699999972,-0.345154500000040,39.464458600000029
26,15,447560126.000000000000000, , ,-0.345414399999961,39.464535499999997,-0.345479899999963,39.464387500000008
27,19,447560130.000000000000000, , ,-0.345414399999961,39.464535499999997,-0.345479899999963,39.464387500000008
28,19,447560130.000000000000000, , ,-0.345414399999961,39.464535499999997,-0.345290099999979,39.464498699999972
29,15,447560126.000000000000000, , ,-0.345479899999963,39.464387500000008,-0.345593100000003,39.464420699999998
30,15,447560126.000000000000000, , ,-0.345593100000003,39.464420699999998,-0.345521799999966,39.464567200000040
31,15,447560126.000000000000000, , ,-0.345521799999966,39.464567200000040,-0.345414399999961,39.464535499999997
32,63,689546240.000000000000000, ,apartments,-0.344937899999970,39.464580900000023,-0.344940900000041,39.464574700000043
33,63,689546240.000000000000000, ,apartments,-0.344940900000041,39.464574700000043,-0.344975499999973,39.464503800000038
34,63,689546240.000000000000000, ,apartments,-0.344975499999973,39.464503800000038,-0.345271400000031,39.464591600000020
35,51,689546200.000000000000000, ,apartments,-0.345271400000031,39.464591600000020,-0.345373200000016,39.464621299999990
36,63,689546240.000000000000000, ,apartments,-0.345075700000003,39.464621900000040,-0.345067300000019,39.464619400000011
37,63,689546240.000000000000000, ,apartments,-0.345067300000019,39.464619400000011,-0.345018000000025,39.464604700000038
38,63,689546240.000000000000000, ,apartments,-0.345018000000025,39.464604700000038,-0.344937899999970,39.464580900000023
39,69,689546269.000000000000000, ,house,-0.345075700000003,39.464621900000040,-0.345067300000019,39.464619400000011
40,69,689546269.000000000000000, ,house,-0.345067300000019,39.464619400000011,-0.345018000000025,39.464604700000038
41,69,689546269.000000000000000, ,house,-0.345018000000025,39.464604700000038,-0.344937899999970,39.464580900000023
42,63,689546240.000000000000000, ,apartments,-0.345092000000020,39.464626799999998,-0.345075700000003,39.464621900000040
43,69,689546269.000000000000000, ,house,-0.344899800000015,39.464657699999982,-0.344937899999970,39.464580900000023
44,56,689546218.000000000000000, , ,-0.345092000000020,39.464626799999998,-0.345148199999962,39.464643499999958
45,56,689546218.000000000000000, , ,-0.345148199999962,39.464643499999958,-0.345150299999958,39.464644100000008
46,56,689546218.000000000000000, , ,-0.345150299999958,39.464644100000008,-0.345178399999974,39.464652499999993
47,56,689546218.000000000000000, , ,-0.345178399999974,39.464652499999993,-0.345198899999983,39.464658599999964
48,63,689546240.000000000000000, ,apartments,-0.345092000000020,39.464626799999998,-0.345148199999962,39.464643499999958
49,63,689546240.000000000000000, ,apartments,-0.345148199999962,39.464643499999958,-0.345150299999958,39.464644100000008
50,63,689546240.000000000000000, ,apartments,-0.345150299999958,39.464644100000008,-0.345178399999974,39.464652499999993
51,63,689546240.000000000000000, ,apartments,-0.345178399999974,39.464652499999993,-0.345198899999983,39.464658599999964
52,51,689546200.000000000000000, ,apartments,-0.345233800000028,39.464669000000029,-0.345271400000031,39.464591600000020
53,63,689546240.000000000000000, ,apartments,-0.345233800000028,39.464669000000029,-0.345271400000031,39.464591600000020
54,56,689546218.000000000000000, , ,-0.345198899999983,39.464658599999964,-0.345233800000028,39.464669000000029
55,63,689546240.000000000000000, ,apartments,-0.345198899999983,39.464658599999964,-0.345233800000028,39.464669000000029
56,51,689546200.000000000000000, ,apartments,-0.345219299999983,39.464695700000014,-0.345233800000028,39.464669000000029
57,56,689546218.000000000000000, , ,-0.345219299999983,39.464695700000014,-0.345233800000028,39.464669000000029
58,69,689546269.000000000000000, ,house,-0.345075700000003,39.464621900000040,-0.345038500000034,39.464698200000043
59,49,689546192.000000000000000, , ,-0.344899800000015,39.464657699999982,-0.344929499999986,39.464666399999992
60,49,689546192.000000000000000, , ,-0.344929499999986,39.464666399999992,-0.344970299999987,39.464678299999996
61,49,689546192.000000000000000, , ,-0.344970299999987,39.464678299999996,-0.345038500000034,39.464698200000043
62,69,689546269.000000000000000, ,house,-0.344899800000015,39.464657699999982,-0.344929499999986,39.464666399999992
63,69,689546269.000000000000000, ,house,-0.344929499999986,39.464666399999992,-0.344970299999987,39.464678299999996
64,69,689546269.000000000000000, ,house,-0.344970299999987,39.464678299999996,-0.345038500000034,39.464698200000043
65,56,689546218.000000000000000, , ,-0.345054899999970,39.464703000000000,-0.345092000000020,39.464626799999998
66,49,689546192.000000000000000, , ,-0.345038500000034,39.464698200000043,-0.345054899999970,39.464703000000000
67,51,689546200.000000000000000, ,apartments,-0.345373200000016,39.464621299999990,-0.345322399999987,39.464725399999985
68,55,689546217.000000000000000, ,apartments,-0.345373200000016,39.464621299999990,-0.345322399999987,39.464725399999985
69,51,689546200.000000000000000, ,apartments,-0.345322399999987,39.464725399999985,-0.345219299999983,39.464695700000014
70,56,689546218.000000000000000, , ,-0.345219299999983,39.464695700000014,-0.345198100000005,39.464745000000008
71,49,689546192.000000000000000, , ,-0.345054899999970,39.464703000000000,-0.345055700000036,39.464703200000017
72,49,689546192.000000000000000, , ,-0.345055700000036,39.464703200000017,-0.345070300000001,39.464707500000017
73,49,689546192.000000000000000, , ,-0.345070300000001,39.464707500000017,-0.345175199999976,39.464738299999986
74,49,689546192.000000000000000, , ,-0.345175199999976,39.464738299999986,-0.345198100000005,39.464745000000008
75,56,689546218.000000000000000, , ,-0.345054899999970,39.464703000000000,-0.345055700000036,39.464703200000017
76,56,689546218.000000000000000, , ,-0.345055700000036,39.464703200000017,-0.345070300000001,39.464707500000017
77,56,689546218.000000000000000, , ,-0.345070300000001,39.464707500000017,-0.345175199999976,39.464738299999986
78,56,689546218.000000000000000, , ,-0.345175199999976,39.464738299999986,-0.345198100000005,39.464745000000008
79,55,689546217.000000000000000, ,apartments,-0.345373200000016,39.464621299999990,-0.345484399999980,39.464653800000015
80,55,689546217.000000000000000, ,apartments,-0.345484399999980,39.464653800000015,-0.345432599999957,39.464759300000040
81,55,689546217.000000000000000, ,apartments,-0.345432599999957,39.464759300000040,-0.345322399999987,39.464725399999985
82,49,689546192.000000000000000, , ,-0.344823400000000,39.464812500000001,-0.344899800000015,39.464657699999982
83,49,689546192.000000000000000, , ,-0.345033299999959,39.464860399999964,-0.344999999999957,39.464850500000033
84,49,689546192.000000000000000, , ,-0.344999999999957,39.464850500000033,-0.344985299999984,39.464846100000024
85,49,689546192.000000000000000, , ,-0.344985299999984,39.464846100000024,-0.344971900000030,39.464842000000040
86,49,689546192.000000000000000, , ,-0.344971900000030,39.464842000000040,-0.344966300000011,39.464854099999975
87,49,689546192.000000000000000, , ,-0.344966300000011,39.464854099999975,-0.344823400000000,39.464812500000001
88,70,689546274.000000000000000, ,house,-0.345033299999959,39.464860399999964,-0.344999999999957,39.464850500000033
89,70,689546274.000000000000000, ,house,-0.344999999999957,39.464850500000033,-0.344985299999984,39.464846100000024
90,70,689546274.000000000000000, ,house,-0.344985299999984,39.464846100000024,-0.344971900000030,39.464842000000040
91,70,689546274.000000000000000, ,house,-0.344971900000030,39.464842000000040,-0.344966300000011,39.464854099999975
92,70,689546274.000000000000000, ,house,-0.344966300000011,39.464854099999975,-0.344823400000000,39.464812500000001
93,49,689546192.000000000000000, , ,-0.345074499999993,39.464872800000016,-0.345086099999976,39.464850500000033
94,49,689546192.000000000000000, , ,-0.345086099999976,39.464850500000033,-0.345044099999964,39.464837700000039
95,49,689546192.000000000000000, , ,-0.345044099999964,39.464837700000039,-0.345033299999959,39.464860399999964
96,70,689546274.000000000000000, ,house,-0.345033299999959,39.464860399999964,-0.345074499999993,39.464872800000016
97,49,689546192.000000000000000, , ,-0.345198100000005,39.464745000000008,-0.345126999999985,39.464888399999971
98,49,689546192.000000000000000, , ,-0.345126999999985,39.464888399999971,-0.345074499999993,39.464872800000016
99,70,689546274.000000000000000, ,house,-0.345126999999985,39.464888399999971,-0.345074499999993,39.464872800000016
100,70,689546274.000000000000000, ,house,-0.344784699999995,39.464891000000009,-0.344823400000000,39.464812500000001
101,65,689546255.000000000000000, ,house,-0.344784699999995,39.464891000000009,-0.344927299999981,39.464931900000018
102,70,689546274.000000000000000, ,house,-0.344784699999995,39.464891000000009,-0.344927299999981,39.464931900000018
103,70,689546274.000000000000000, ,house,-0.345126999999985,39.464888399999971,-0.345122399999959,39.464897600000022
104,70,689546274.000000000000000, ,house,-0.345122399999959,39.464897600000022,-0.345087299999986,39.464968400000018
105,20,449459553.000000000000000, , ,-0.344639300000044,39.464933000000023,-0.344477299999963,39.464884800000029
106,20,449459553.000000000000000, , ,-0.344477299999963,39.464884800000029,-0.344434399999966,39.464969199999999
107,20,449459553.000000000000000, , ,-0.344434399999966,39.464969199999999,-0.344282999999963,39.464924600000039
108,20,449459553.000000000000000, , ,-0.344282999999963,39.464924600000039,-0.344549100000042,39.464378799999999
109,20,449459553.000000000000000, , ,-0.344549100000042,39.464378799999999,-0.344865899999964,39.464471600000039
110,20,449459553.000000000000000, , ,-0.344865899999964,39.464471600000039,-0.344639300000044,39.464933000000023
111,66,689546257.000000000000000, , ,-0.345083099999994,39.464976699999994,-0.345087299999986,39.464968400000018
112,70,689546274.000000000000000, ,house,-0.345083099999994,39.464976699999994,-0.345087299999986,39.464968400000018
113,65,689546255.000000000000000, ,house,-0.344927299999981,39.464931900000018,-0.344928000000039,39.464932100000034
114,65,689546255.000000000000000, ,house,-0.344928000000039,39.464932100000034,-0.345083099999994,39.464976699999994
115,70,689546274.000000000000000, ,house,-0.344927299999981,39.464931900000018,-0.344928000000039,39.464932100000034
116,70,689546274.000000000000000, ,house,-0.344928000000039,39.464932100000034,-0.345083099999994,39.464976699999994
117,66,689546257.000000000000000, , ,-0.345087299999986,39.464968400000018,-0.345163700000001,39.464991499999975
118,65,689546255.000000000000000, ,house,-0.345083099999994,39.464976699999994,-0.345072399999997,39.464998300000005
119,66,689546257.000000000000000, , ,-0.345083099999994,39.464976699999994,-0.345072399999997,39.464998300000005
120,65,689546255.000000000000000, ,house,-0.344909199999994,39.465014600000025,-0.344746899999976,39.464966999999994
121,65,689546255.000000000000000, ,house,-0.344746899999976,39.464966999999994,-0.344784699999995,39.464891000000009
122,65,689546255.000000000000000, ,house,-0.345072399999997,39.464998300000005,-0.345061100000039,39.465021100000030
123,47,689546180.000000000000000, ,apartments,-0.344909199999994,39.465014600000025,-0.344963799999982,39.465030199999980
124,65,689546255.000000000000000, ,house,-0.344909199999994,39.465014600000025,-0.344963799999982,39.465030199999980
125,45,689546177.000000000000000, , ,-0.345136499999971,39.465046099999967,-0.345148700000004,39.465021399999962
126,45,689546177.000000000000000, , ,-0.345148700000004,39.465021399999962,-0.345149499999981,39.465020000000024
127,45,689546177.000000000000000, , ,-0.345149499999981,39.465020000000024,-0.345163700000001,39.464991499999975
128,66,689546257.000000000000000, , ,-0.345136499999971,39.465046099999967,-0.345148700000004,39.465021399999962
129,66,689546257.000000000000000, , ,-0.345148700000004,39.465021399999962,-0.345149499999981,39.465020000000024
130,66,689546257.000000000000000, , ,-0.345149499999981,39.465020000000024,-0.345163700000001,39.464991499999975
131,66,689546257.000000000000000, , ,-0.345136499999971,39.465046099999967,-0.345118199999967,39.465040300000020
132,66,689546257.000000000000000, , ,-0.345118199999967,39.465040300000020,-0.345130500000008,39.465015900000040
133,66,689546257.000000000000000, , ,-0.345130500000008,39.465015900000040,-0.345072399999997,39.464998300000005
134,60,689546236.000000000000000, ,house,-0.345045000000039,39.465053500000046,-0.345048100000029,39.465047299999974
135,60,689546236.000000000000000, ,house,-0.345048100000029,39.465047299999974,-0.345061100000039,39.465021100000030
136,65,689546255.000000000000000, ,house,-0.345045000000039,39.465053500000046,-0.345048100000029,39.465047299999974
137,65,689546255.000000000000000, ,house,-0.345048100000029,39.465047299999974,-0.345061100000039,39.465021100000030
138,47,689546180.000000000000000, ,apartments,-0.344963799999982,39.465030199999980,-0.345007000000003,39.465042600000032
139,47,689546180.000000000000000, ,apartments,-0.345007000000003,39.465042600000032,-0.345045000000039,39.465053500000046
140,65,689546255.000000000000000, ,house,-0.344963799999982,39.465030199999980,-0.345007000000003,39.465042600000032
141,65,689546255.000000000000000, ,house,-0.345007000000003,39.465042600000032,-0.345045000000039,39.465053500000046
142,45,689546177.000000000000000, , ,-0.345129600000022,39.465059900000043,-0.345131299999985,39.465056300000008
143,45,689546177.000000000000000, , ,-0.345131299999985,39.465056300000008,-0.345136499999971,39.465046099999967
144,45,689546177.000000000000000, , ,-0.345163700000001,39.464991499999975,-0.345299599999966,39.465032800000017
145,45,689546177.000000000000000, , ,-0.345299599999966,39.465032800000017,-0.345284400000041,39.465063100000037
146,60,689546236.000000000000000, ,house,-0.345061100000039,39.465021100000030,-0.345081999999992,39.465027200000002
147,60,689546236.000000000000000, ,house,-0.345081999999992,39.465027200000002,-0.345070099999984,39.465052000000007
148,60,689546236.000000000000000, ,house,-0.345070099999984,39.465052000000007,-0.345106399999968,39.465063599999993
149,60,689546236.000000000000000, ,house,-0.345106399999968,39.465063599999993,-0.345110699999968,39.465054799999976
150,60,689546236.000000000000000, ,house,-0.345110699999968,39.465054799999976,-0.345129600000022,39.465059900000043
151,47,689546180.000000000000000, ,apartments,-0.345045000000039,39.465053500000046,-0.345002399999978,39.465139200000031
152,60,689546236.000000000000000, ,house,-0.345045000000039,39.465053500000046,-0.345002399999978,39.465139200000031
153,47,689546180.000000000000000, ,apartments,-0.345002399999978,39.465139200000031,-0.344997800000041,39.465137800000001
154,47,689546180.000000000000000, ,apartments,-0.344997800000041,39.465137800000001,-0.344866899999958,39.465099200000004
155,47,689546180.000000000000000, ,apartments,-0.344866899999958,39.465099200000004,-0.344909199999994,39.465014600000025
156,45,689546177.000000000000000, , ,-0.345078900000002,39.465161600000016,-0.345129600000022,39.465059900000043
157,60,689546236.000000000000000, ,house,-0.345078900000002,39.465161600000016,-0.345129600000022,39.465059900000043
158,60,689546236.000000000000000, ,house,-0.345078900000002,39.465161600000016,-0.345002399999978,39.465139200000031
159,44,689546172.000000000000000, , ,-0.345188600000019,39.465194199999964,-0.345240799999986,39.465088299999991
160,44,689546172.000000000000000, , ,-0.345240799999986,39.465088299999991,-0.345257300000019,39.465054799999976
161,44,689546172.000000000000000, , ,-0.345257300000019,39.465054799999976,-0.345284400000041,39.465063100000037
162,45,689546177.000000000000000, , ,-0.345188600000019,39.465194199999964,-0.345240799999986,39.465088299999991
163,45,689546177.000000000000000, , ,-0.345240799999986,39.465088299999991,-0.345257300000019,39.465054799999976
164,45,689546177.000000000000000, , ,-0.345257300000019,39.465054799999976,-0.345284400000041,39.465063100000037
165,45,689546177.000000000000000, , ,-0.345188600000019,39.465194199999964,-0.345078900000002,39.465161600000016
166,44,689546172.000000000000000, , ,-0.345284400000041,39.465063100000037,-0.345312900000001,39.465071300000005
167,44,689546172.000000000000000, , ,-0.345312900000001,39.465071300000005,-0.345297300000042,39.465105000000044
168,44,689546172.000000000000000, , ,-0.345297300000042,39.465105000000044,-0.345330300000019,39.465114600000035
169,44,689546172.000000000000000, , ,-0.345330300000019,39.465114600000035,-0.345346799999963,39.465081499999961
170,44,689546172.000000000000000, , ,-0.345346799999963,39.465081499999961,-0.345367800000013,39.465087899999958
171,44,689546172.000000000000000, , ,-0.345367800000013,39.465087899999958,-0.345299400000038,39.465227100000021
172,44,689546172.000000000000000, , ,-0.345299400000038,39.465227100000021,-0.345188600000019,39.465194199999964
173,43,689546169.000000000000000, ,apartments,-0.344581699999986,39.465301899999993,-0.344623100000036,39.465219299999994
174,43,689546169.000000000000000, ,apartments,-0.344623100000036,39.465219299999994,-0.344784499999979,39.465268100000038
175,43,689546169.000000000000000, ,apartments,-0.344784499999979,39.465268100000038,-0.344775400000025,39.465293900000042
176,43,689546169.000000000000000, ,apartments,-0.344775400000025,39.465293900000042,-0.344746300000016,39.465351400000003
177,43,689546169.000000000000000, ,apartments,-0.344746300000016,39.465351400000003,-0.344712900000005,39.465341299999963
178,43,689546169.000000000000000, ,apartments,-0.344712900000005,39.465341299999963,-0.344703500000027,39.465338500000001
179,43,689546169.000000000000000, ,apartments,-0.344703500000027,39.465338500000001,-0.344664399999989,39.465326699999999
180,43,689546169.000000000000000, ,apartments,-0.344664399999989,39.465326699999999,-0.344625100000024,39.465314900000003
181,43,689546169.000000000000000, ,apartments,-0.344625100000024,39.465314900000003,-0.344581699999986,39.465301899999993
182,61,689546237.000000000000000, ,house,-0.344746300000016,39.465351400000003,-0.344712900000005,39.465341299999963
183,61,689546237.000000000000000, ,house,-0.344712900000005,39.465341299999963,-0.344703500000027,39.465338500000001
184,61,689546237.000000000000000, ,house,-0.344703500000027,39.465338500000001,-0.344664399999989,39.465326699999999
185,61,689546237.000000000000000, ,house,-0.344664399999989,39.465326699999999,-0.344625100000024,39.465314900000003
186,61,689546237.000000000000000, ,house,-0.344625100000024,39.465314900000003,-0.344581699999986,39.465301899999993
187,61,689546237.000000000000000, ,house,-0.344543999999975,39.465377899999972,-0.344581699999986,39.465301899999993
188,58,689546234.000000000000000, ,house,-0.344878400000021,39.465390999999990,-0.344878999999982,39.465389599999966
189,58,689546234.000000000000000, ,house,-0.344878999999982,39.465389599999966,-0.344889000000010,39.465369099999954
190,58,689546234.000000000000000, ,house,-0.344889000000010,39.465369099999954,-0.344911199999982,39.465323099999971
191,58,689546234.000000000000000, ,house,-0.344911199999982,39.465323099999971,-0.344925299999994,39.465293900000042
192,58,689546234.000000000000000, ,house,-0.344925299999994,39.465293900000042,-0.344929199999961,39.465285799999990
193,58,689546234.000000000000000, ,house,-0.344929199999961,39.465285799999990,-0.344937300000009,39.465269300000045
194,58,689546234.000000000000000, ,house,-0.344937300000009,39.465269300000045,-0.344959599999989,39.465223000000037
195,58,689546234.000000000000000, ,house,-0.344959599999989,39.465223000000037,-0.345081500000039,39.465259300000021
196,61,689546237.000000000000000, ,house,-0.344746300000016,39.465351400000003,-0.344797000000036,39.465366600000017
197,61,689546237.000000000000000, ,house,-0.344797000000036,39.465366600000017,-0.344825299999980,39.465375100000010
198,61,689546237.000000000000000, ,house,-0.344825299999980,39.465375100000010,-0.344878400000021,39.465390999999990
199,58,689546234.000000000000000, ,house,-0.344865500000020,39.465417499999965,-0.344868700000018,39.465411099999969
200,58,689546234.000000000000000, ,house,-0.344868700000018,39.465411099999969,-0.344878400000021,39.465390999999990
201,61,689546237.000000000000000, ,house,-0.344865500000020,39.465417499999965,-0.344868700000018,39.465411099999969
202,61,689546237.000000000000000, ,house,-0.344868700000018,39.465411099999969,-0.344878400000021,39.465390999999990
203,53,689546210.000000000000000, ,house,-0.344543999999975,39.465377899999972,-0.344637199999959,39.465405799999971
204,53,689546210.000000000000000, ,house,-0.344637199999959,39.465405799999971,-0.344675799999956,39.465417300000034
205,53,689546210.000000000000000, ,house,-0.344675799999956,39.465417300000034,-0.344704799999957,39.465426000000043
206,61,689546237.000000000000000, ,house,-0.344543999999975,39.465377899999972,-0.344637199999959,39.465405799999971
207,61,689546237.000000000000000, ,house,-0.344637199999959,39.465405799999971,-0.344675799999956,39.465417300000034
208,61,689546237.000000000000000, ,house,-0.344675799999956,39.465417300000034,-0.344704799999957,39.465426000000043
209,53,689546210.000000000000000, ,house,-0.344515999999968,39.465434799999976,-0.344543999999975,39.465377899999972
210,61,689546237.000000000000000, ,house,-0.344779999999962,39.465448400000035,-0.344704799999957,39.465426000000043
211,61,689546237.000000000000000, ,house,-0.344865500000020,39.465417499999965,-0.344841700000004,39.465466999999975
212,53,689546210.000000000000000, ,house,-0.344779999999962,39.465448400000035,-0.344841700000004,39.465466999999975
213,61,689546237.000000000000000, ,house,-0.344779999999962,39.465448400000035,-0.344841700000004,39.465466999999975
214,58,689546234.000000000000000, ,house,-0.345081500000039,39.465259300000021,-0.345027299999995,39.465369399999979
215,58,689546234.000000000000000, ,house,-0.345027299999995,39.465369399999979,-0.345008400000030,39.465407600000034
216,58,689546234.000000000000000, ,house,-0.345008400000030,39.465407600000034,-0.345005100000024,39.465414199999955
217,58,689546234.000000000000000, ,house,-0.345005100000024,39.465414199999955,-0.345002599999995,39.465419300000022
218,58,689546234.000000000000000, ,house,-0.345002599999995,39.465419300000022,-0.344992000000006,39.465440800000025
219,58,689546234.000000000000000, ,house,-0.344992000000006,39.465440800000025,-0.344988499999983,39.465448000000002
220,58,689546234.000000000000000, ,house,-0.344988499999983,39.465448000000002,-0.344976100000022,39.465473100000033
221,68,689546268.000000000000000, ,house,-0.345081500000039,39.465259300000021,-0.345027299999995,39.465369399999979
222,68,689546268.000000000000000, ,house,-0.345027299999995,39.465369399999979,-0.345008400000030,39.465407600000034
223,68,689546268.000000000000000, ,house,-0.345008400000030,39.465407600000034,-0.345005100000024,39.465414199999955
224,68,689546268.000000000000000, ,house,-0.345005100000024,39.465414199999955,-0.345002599999995,39.465419300000022
225,68,689546268.000000000000000, ,house,-0.345002599999995,39.465419300000022,-0.344992000000006,39.465440800000025
226,68,689546268.000000000000000, ,house,-0.344992000000006,39.465440800000025,-0.344988499999983,39.465448000000002
227,68,689546268.000000000000000, ,house,-0.344988499999983,39.465448000000002,-0.344976100000022,39.465473100000033
228,58,689546234.000000000000000, ,house,-0.344976100000022,39.465473100000033,-0.344947599999974,39.465464400000023
229,58,689546234.000000000000000, ,house,-0.344947599999974,39.465464400000023,-0.344957900000026,39.465443100000037
230,58,689546234.000000000000000, ,house,-0.344957900000026,39.465443100000037,-0.344924999999969,39.465433100000013
231,58,689546234.000000000000000, ,house,-0.344924999999969,39.465433100000013,-0.344938300000003,39.465407999999975
232,58,689546234.000000000000000, ,house,-0.344938300000003,39.465407999999975,-0.344901599999987,39.465396600000012
233,58,689546234.000000000000000, ,house,-0.344901599999987,39.465396600000012,-0.344887599999983,39.465423999999970
234,58,689546234.000000000000000, ,house,-0.344887599999983,39.465423999999970,-0.344865500000020,39.465417499999965
235,53,689546210.000000000000000, ,house,-0.344660600000030,39.465478100000006,-0.344658400000026,39.465477599999964
236,53,689546210.000000000000000, ,house,-0.344658400000026,39.465477599999964,-0.344652800000007,39.465475799999993
237,53,689546210.000000000000000, ,house,-0.344652800000007,39.465475799999993,-0.344628300000022,39.465468500000007
238,53,689546210.000000000000000, ,house,-0.344628300000022,39.465468500000007,-0.344515999999968,39.465434799999976
239,67,689546267.000000000000000, ,house,-0.344660600000030,39.465478100000006,-0.344658400000026,39.465477599999964
240,67,689546267.000000000000000, ,house,-0.344658400000026,39.465477599999964,-0.344652800000007,39.465475799999993
241,67,689546267.000000000000000, ,house,-0.344652800000007,39.465475799999993,-0.344628300000022,39.465468500000007
242,67,689546267.000000000000000, ,house,-0.344628300000022,39.465468500000007,-0.344515999999968,39.465434799999976
243,53,689546210.000000000000000, ,house,-0.344671999999996,39.465481600000025,-0.344660600000030,39.465478100000006
244,53,689546210.000000000000000, ,house,-0.344688699999957,39.465486499999990,-0.344671999999996,39.465481600000025
245,54,689546213.000000000000000, , ,-0.344688699999957,39.465486499999990,-0.344671999999996,39.465481600000025
246,53,689546210.000000000000000, ,house,-0.344704799999957,39.465426000000043,-0.344698599999977,39.465440099999967
247,53,689546210.000000000000000, ,house,-0.344698599999977,39.465440099999967,-0.344694600000001,39.465438800000037
248,53,689546210.000000000000000, ,house,-0.344694600000001,39.465438800000037,-0.344685599999967,39.465457299999969
249,53,689546210.000000000000000, ,house,-0.344685599999967,39.465457299999969,-0.344729699999974,39.465470399999987
250,53,689546210.000000000000000, ,house,-0.344729699999974,39.465470399999987,-0.344722700000017,39.465483800000030
251,53,689546210.000000000000000, ,house,-0.344722700000017,39.465483800000030,-0.344758599999968,39.465493999999985
252,53,689546210.000000000000000, ,house,-0.344758599999968,39.465493999999985,-0.344779999999962,39.465448400000035
253,68,689546268.000000000000000, ,house,-0.344961200000033,39.465503399999967,-0.344976100000022,39.465473100000033
254,53,689546210.000000000000000, ,house,-0.344841700000004,39.465466999999975,-0.344815300000040,39.465521500000044
255,48,689546184.000000000000000, ,house,-0.344688699999957,39.465486499999990,-0.344689799999959,39.465484299999986
256,48,689546184.000000000000000, ,house,-0.344689799999959,39.465484299999986,-0.344815300000040,39.465521500000044
257,53,689546210.000000000000000, ,house,-0.344688699999957,39.465486499999990,-0.344689799999959,39.465484299999986
258,53,689546210.000000000000000, ,house,-0.344689799999959,39.465484299999986,-0.344815300000040,39.465521500000044
259,46,689546178.000000000000000, ,apartments,-0.344279300000012,39.465440900000033,-0.344245900000001,39.465431000000017
260,46,689546178.000000000000000, ,apartments,-0.344245900000001,39.465431000000017,-0.344219799999974,39.465484399999994
261,46,689546178.000000000000000, ,apartments,-0.344219799999974,39.465484399999994,-0.344127299999958,39.465457100000044
262,46,689546178.000000000000000, ,apartments,-0.344127299999958,39.465457100000044,-0.344143599999975,39.465424099999979
263,46,689546178.000000000000000, ,apartments,-0.344143599999975,39.465424099999979,-0.344133400000019,39.465421200000002
264,46,689546178.000000000000000, ,apartments,-0.344133400000019,39.465421200000002,-0.344146500000037,39.465394600000025
265,46,689546178.000000000000000, ,apartments,-0.344146500000037,39.465394600000025,-0.344147799999967,39.465392099999995
266,46,689546178.000000000000000, ,apartments,-0.344147799999967,39.465392099999995,-0.344158000000012,39.465394899999957
267,46,689546178.000000000000000, ,apartments,-0.344158000000012,39.465394899999957,-0.344168700000009,39.465373100000022
268,46,689546178.000000000000000, ,apartments,-0.344168700000009,39.465373100000022,-0.344117400000028,39.465357900000008
269,46,689546178.000000000000000, ,apartments,-0.344117400000028,39.465357900000008,-0.344124199999968,39.465344000000009
270,46,689546178.000000000000000, ,apartments,-0.344124199999968,39.465344000000009,-0.344138600000005,39.465314699999986
271,46,689546178.000000000000000, ,apartments,-0.344138600000005,39.465314699999986,-0.344229100000033,39.465341399999971
272,46,689546178.000000000000000, ,apartments,-0.344229100000033,39.465341399999971,-0.344261499999960,39.465350800000039
273,46,689546178.000000000000000, ,apartments,-0.344261499999960,39.465350800000039,-0.344282299999993,39.465357000000019
274,46,689546178.000000000000000, ,apartments,-0.344282299999993,39.465357000000019,-0.344256099999957,39.465410299999988
275,46,689546178.000000000000000, ,apartments,-0.344256099999957,39.465410299999988,-0.344289499999967,39.465420100000003
276,46,689546178.000000000000000, ,apartments,-0.344289499999967,39.465420100000003,-0.344315800000012,39.465366800000034
277,46,689546178.000000000000000, ,apartments,-0.344315800000012,39.465366800000034,-0.344369899999958,39.465382800000022
278,46,689546178.000000000000000, ,apartments,-0.344369899999958,39.465382800000022,-0.344410400000023,39.465394800000041
279,46,689546178.000000000000000, ,apartments,-0.344410400000023,39.465394800000041,-0.344347699999987,39.465521999999993
280,46,689546178.000000000000000, ,apartments,-0.344347699999987,39.465521999999993,-0.344253400000000,39.465494200000002
281,46,689546178.000000000000000, ,apartments,-0.344253400000000,39.465494200000002,-0.344279300000012,39.465440900000033
282,67,689546267.000000000000000, ,house,-0.344468500000034,39.465530399999977,-0.344515999999968,39.465434799999976
283,48,689546184.000000000000000, ,house,-0.344815300000040,39.465521500000044,-0.344809199999980,39.465534000000012
284,48,689546184.000000000000000, ,house,-0.344665499999992,39.465534200000029,-0.344688699999957,39.465486499999990
285,54,689546213.000000000000000, , ,-0.344665499999992,39.465534200000029,-0.344688699999957,39.465486499999990
286,54,689546213.000000000000000, , ,-0.344665499999992,39.465534200000029,-0.344649299999983,39.465529299999979
287,54,689546213.000000000000000, , ,-0.344649299999983,39.465529299999979,-0.344671999999996,39.465481600000025
288,52,689546205.000000000000000, , ,-0.344891999999992,39.465559599999999,-0.344925900000043,39.465492899999987
289,52,689546205.000000000000000, , ,-0.344925900000043,39.465492899999987,-0.344961200000033,39.465503399999967
290,62,689546238.000000000000000, ,house,-0.344809199999980,39.465534000000012,-0.344891999999992,39.465559599999999
291,52,689546205.000000000000000, , ,-0.344961200000033,39.465503399999967,-0.344945000000025,39.465536000000000
292,52,689546205.000000000000000, , ,-0.344945000000025,39.465536000000000,-0.344927800000023,39.465570800000037
293,68,689546268.000000000000000, ,house,-0.344961200000033,39.465503399999967,-0.344945000000025,39.465536000000000
294,68,689546268.000000000000000, ,house,-0.344945000000025,39.465536000000000,-0.344927800000023,39.465570800000037
295,52,689546205.000000000000000, , ,-0.344927800000023,39.465570800000037,-0.344891999999992,39.465559599999999
296,62,689546238.000000000000000, ,house,-0.344927800000023,39.465570800000037,-0.344891999999992,39.465559599999999
297,67,689546267.000000000000000, ,house,-0.344660600000030,39.465478100000006,-0.344613799999977,39.465573599999999
298,48,689546184.000000000000000, ,house,-0.344468500000034,39.465530399999977,-0.344598000000002,39.465568999999974
299,48,689546184.000000000000000, ,house,-0.344598000000002,39.465568999999974,-0.344608900000016,39.465572199999976
300,48,689546184.000000000000000, ,house,-0.344608900000016,39.465572199999976,-0.344613799999977,39.465573599999999
301,67,689546267.000000000000000, ,house,-0.344468500000034,39.465530399999977,-0.344598000000002,39.465568999999974
302,67,689546267.000000000000000, ,house,-0.344598000000002,39.465568999999974,-0.344608900000016,39.465572199999976
303,67,689546267.000000000000000, ,house,-0.344608900000016,39.465572199999976,-0.344613799999977,39.465573599999999
304,62,689546238.000000000000000, ,house,-0.344927800000023,39.465570800000037,-0.344953899999962,39.465578899999997
305,68,689546268.000000000000000, ,house,-0.344927800000023,39.465570800000037,-0.344953899999962,39.465578899999997
306,48,689546184.000000000000000, ,house,-0.344613799999977,39.465573599999999,-0.344642100000009,39.465582099999992
307,48,689546184.000000000000000, ,house,-0.344642100000009,39.465582099999992,-0.344665499999992,39.465534200000029
308,68,689546268.000000000000000, ,house,-0.344993500000041,39.465590000000027,-0.344953899999962,39.465578899999997
309,48,689546184.000000000000000, ,house,-0.344809199999980,39.465534000000012,-0.344779800000034,39.465591399999965
310,62,689546238.000000000000000, ,house,-0.344809199999980,39.465534000000012,-0.344779800000034,39.465591399999965
311,59,689546235.000000000000000, , ,-0.344993500000041,39.465590000000027,-0.345027600000020,39.465599500000010
312,68,689546268.000000000000000, ,house,-0.344993500000041,39.465590000000027,-0.345027600000020,39.465599500000010
313,68,689546268.000000000000000, ,house,-0.345081500000039,39.465259300000021,-0.345191000000040,39.465292099999978
314,68,689546268.000000000000000, ,house,-0.345191000000040,39.465292099999978,-0.345040199999997,39.465603199999961
315,68,689546268.000000000000000, ,house,-0.345040199999997,39.465603199999961,-0.345027600000020,39.465599500000010
316,48,689546184.000000000000000, ,house,-0.344779800000034,39.465591399999965,-0.344763199999993,39.465623599999965
317,48,689546184.000000000000000, ,house,-0.344652800000007,39.465619499999981,-0.344627699999973,39.465611699999954
318,48,689546184.000000000000000, ,house,-0.344627699999973,39.465611699999954,-0.344616999999975,39.465627300000001
319,48,689546184.000000000000000, ,house,-0.344418499999983,39.465631399999985,-0.344468500000034,39.465530399999977
320,50,689546197.000000000000000, ,house,-0.344616999999975,39.465627300000001,-0.344644300000014,39.465635799999994
321,50,689546197.000000000000000, ,house,-0.344644300000014,39.465635799999994,-0.344652800000007,39.465619499999981
322,48,689546184.000000000000000, ,house,-0.344763199999993,39.465623599999965,-0.344755000000025,39.465639699999961
323,62,689546238.000000000000000, ,house,-0.344763199999993,39.465623599999965,-0.344755000000025,39.465639699999961
324,48,689546184.000000000000000, ,house,-0.344755000000025,39.465639699999961,-0.344699499999963,39.465623699999973
325,48,689546184.000000000000000, ,house,-0.344699499999963,39.465623699999973,-0.344697800000000,39.465628600000024
326,48,689546184.000000000000000, ,house,-0.344697800000000,39.465628600000024,-0.344652800000007,39.465619499999981
327,50,689546197.000000000000000, ,house,-0.344755000000025,39.465639699999961,-0.344699499999963,39.465623699999973
328,50,689546197.000000000000000, ,house,-0.344699499999963,39.465623699999973,-0.344697800000000,39.465628600000024
329,50,689546197.000000000000000, ,house,-0.344697800000000,39.465628600000024,-0.344652800000007,39.465619499999981
330,48,689546184.000000000000000, ,house,-0.344565299999961,39.465674099999966,-0.344418499999983,39.465631399999985
331,57,689546219.000000000000000, ,house,-0.344565299999961,39.465674099999966,-0.344418499999983,39.465631399999985
332,59,689546235.000000000000000, , ,-0.345027600000020,39.465599500000010,-0.344988299999966,39.465677900000017
333,59,689546235.000000000000000, , ,-0.344988299999966,39.465677900000017,-0.344955199999981,39.465668600000043
334,59,689546235.000000000000000, , ,-0.344955199999981,39.465668600000043,-0.344993500000041,39.465590000000027
335,48,689546184.000000000000000, ,house,-0.344616999999975,39.465627300000001,-0.344589600000018,39.465681100000012
336,50,689546197.000000000000000, ,house,-0.344616999999975,39.465627300000001,-0.344589600000018,39.465681100000012
337,48,689546184.000000000000000, ,house,-0.344589600000018,39.465681100000012,-0.344565299999961,39.465674099999966
338,57,689546219.000000000000000, ,house,-0.344589600000018,39.465681100000012,-0.344565299999961,39.465674099999966
339,62,689546238.000000000000000, ,house,-0.344953899999962,39.465578899999997,-0.344901000000026,39.465685400000012
340,62,689546238.000000000000000, ,house,-0.344763199999993,39.465623599999965,-0.344809199999980,39.465637799999982
341,62,689546238.000000000000000, ,house,-0.344809199999980,39.465637799999982,-0.344788200000019,39.465679900000005
342,62,689546238.000000000000000, ,house,-0.344788200000019,39.465679900000005,-0.344814200000038,39.465687700000025
343,62,689546238.000000000000000, ,house,-0.344814200000038,39.465687700000025,-0.344851400000008,39.465613199999993
344,62,689546238.000000000000000, ,house,-0.344851400000008,39.465613199999993,-0.344779800000034,39.465591399999965
345,50,689546197.000000000000000, ,house,-0.344563700000006,39.465731900000044,-0.344580900000008,39.465698099999997
346,50,689546197.000000000000000, ,house,-0.344580900000008,39.465698099999997,-0.344589600000018,39.465681100000012
347,57,689546219.000000000000000, ,house,-0.344563700000006,39.465731900000044,-0.344580900000008,39.465698099999997
348,57,689546219.000000000000000, ,house,-0.344580900000008,39.465698099999997,-0.344589600000018,39.465681100000012
349,57,689546219.000000000000000, ,house,-0.344563700000006,39.465731900000044,-0.344538899999997,39.465724499999965
350,57,689546219.000000000000000, ,house,-0.344538899999997,39.465724499999965,-0.344393699999974,39.465681400000037
351,57,689546219.000000000000000, ,house,-0.344393699999974,39.465681400000037,-0.344418499999983,39.465631399999985
352,50,689546197.000000000000000, ,house,-0.344755000000025,39.465639699999961,-0.344754100000039,39.465641200000000
353,50,689546197.000000000000000, ,house,-0.344754100000039,39.465641200000000,-0.344741599999982,39.465665799999989
354,50,689546197.000000000000000, ,house,-0.344741599999982,39.465665799999989,-0.344688699999957,39.465768799999985
355,62,689546238.000000000000000, ,house,-0.344755000000025,39.465639699999961,-0.344754100000039,39.465641200000000
356,62,689546238.000000000000000, ,house,-0.344754100000039,39.465641200000000,-0.344741599999982,39.465665799999989
357,62,689546238.000000000000000, ,house,-0.344741599999982,39.465665799999989,-0.344688699999957,39.465768799999985
358,50,689546197.000000000000000, ,house,-0.344688699999957,39.465768799999985,-0.344563700000006,39.465731900000044
359,21,688841054.000000000000000, ,house,-0.344075999999977,39.465749700000003,-0.344028699999971,39.465735900000020
360,21,688841054.000000000000000, ,house,-0.344028699999971,39.465735900000020,-0.344038499999983,39.465715099999983
361,21,688841054.000000000000000, ,house,-0.344038499999983,39.465715099999983,-0.344086400000038,39.465728600000034
362,21,688841054.000000000000000, ,house,-0.344086400000038,39.465728600000034,-0.344093600000012,39.465713899999976
363,21,688841054.000000000000000, ,house,-0.344093600000012,39.465713899999976,-0.344045500000029,39.465700400000010
364,21,688841054.000000000000000, ,house,-0.344045500000029,39.465700400000010,-0.344056000000010,39.465678000000025
365,21,688841054.000000000000000, ,house,-0.344056000000010,39.465678000000025,-0.344104099999993,39.465692100000034
366,21,688841054.000000000000000, ,house,-0.344104099999993,39.465692100000034,-0.344243599999989,39.465733099999966
367,21,688841054.000000000000000, ,house,-0.344243599999989,39.465733099999966,-0.344215399999965,39.465790399999996
368,21,688841054.000000000000000, ,house,-0.344215399999965,39.465790399999996,-0.344075999999977,39.465749700000003
369,62,689546238.000000000000000, ,house,-0.344901000000026,39.465685400000012,-0.344885000000034,39.465717700000020
370,62,689546238.000000000000000, ,house,-0.344885000000034,39.465717700000020,-0.344837800000037,39.465812699999979
371,64,689546246.000000000000000, ,house,-0.344901000000026,39.465685400000012,-0.344885000000034,39.465717700000020
372,64,689546246.000000000000000, ,house,-0.344885000000034,39.465717700000020,-0.344837800000037,39.465812699999979
373,62,689546238.000000000000000, ,house,-0.344837800000037,39.465812699999979,-0.344688699999957,39.465768799999985
374,33,688841121.000000000000000, ,apartments,-0.344323200000002,39.465824200000043,-0.344331900000012,39.465806900000032
375,33,688841121.000000000000000, ,apartments,-0.344331900000012,39.465806900000032,-0.344352899999973,39.465765200000043
376,33,688841121.000000000000000, ,apartments,-0.344352899999973,39.465765200000043,-0.344492599999985,39.465806900000032
377,64,689546246.000000000000000, ,house,-0.344901000000026,39.465685400000012,-0.344913499999994,39.465688999999955
378,64,689546246.000000000000000, ,house,-0.344913499999994,39.465688999999955,-0.344908099999992,39.465700999999974
379,64,689546246.000000000000000, ,house,-0.344908099999992,39.465700999999974,-0.344967300000005,39.465719900000025
380,64,689546246.000000000000000, ,house,-0.344967300000005,39.465719900000025,-0.344910199999988,39.465833999999965
381,64,689546246.000000000000000, ,house,-0.344910199999988,39.465833999999965,-0.344837800000037,39.465812699999979
382,36,688841155.000000000000000, ,apartments,-0.344492599999985,39.465806900000032,-0.344522699999989,39.465815799999966
383,36,688841155.000000000000000, ,apartments,-0.344522699999989,39.465815799999966,-0.344635800000021,39.465849500000004
384,33,688841121.000000000000000, ,apartments,-0.344421799999989,39.465852699999999,-0.344371399999994,39.465838100000035
385,33,688841121.000000000000000, ,apartments,-0.344371399999994,39.465838100000035,-0.344323200000002,39.465824200000043
386,35,688841136.000000000000000, , ,-0.344421799999989,39.465852699999999,-0.344371399999994,39.465838100000035
387,35,688841136.000000000000000, , ,-0.344371399999994,39.465838100000035,-0.344323200000002,39.465824200000043
388,33,688841121.000000000000000, ,apartments,-0.344492599999985,39.465806900000032,-0.344464000000017,39.465865000000043
389,36,688841155.000000000000000, ,apartments,-0.344492599999985,39.465806900000032,-0.344464000000017,39.465865000000043
390,33,688841121.000000000000000, ,apartments,-0.344464000000017,39.465865000000043,-0.344421799999989,39.465852699999999
391,23,688841081.000000000000000, ,apartments,-0.344635800000021,39.465849500000004,-0.344778199999991,39.465891900000045
392,22,688841065.000000000000000, ,house,-0.344041599999973,39.465804999999961,-0.344186599999980,39.465847800000041
393,22,688841065.000000000000000, ,house,-0.344186599999980,39.465847800000041,-0.344161999999987,39.465897499999976
394,22,688841065.000000000000000, ,house,-0.344161999999987,39.465897499999976,-0.344017999999974,39.465854900000004
395,22,688841065.000000000000000, ,house,-0.344017999999974,39.465854900000004,-0.344041599999973,39.465804999999961
396,36,688841155.000000000000000, ,apartments,-0.344444099999969,39.465905600000028,-0.344464000000017,39.465865000000043
397,35,688841136.000000000000000, , ,-0.344421799999989,39.465852699999999,-0.344402299999975,39.465894099999964
398,35,688841136.000000000000000, , ,-0.344402299999975,39.465894099999964,-0.344444099999969,39.465905600000028
399,27,688841098.000000000000000, ,apartments,-0.343858500000011,39.465928599999977,-0.343928200000005,39.465947999999983
400,30,688841110.000000000000000, ,apartments,-0.343858500000011,39.465928599999977,-0.343928200000005,39.465947999999983
401,35,688841136.000000000000000, , ,-0.344238700000027,39.465994800000033,-0.344323200000002,39.465824200000043
402,30,688841110.000000000000000, ,apartments,-0.343858500000011,39.465928599999977,-0.343837499999961,39.465922700000021
403,30,688841110.000000000000000, ,apartments,-0.343837499999961,39.465922700000021,-0.343861900000026,39.465872300000022
404,30,688841110.000000000000000, ,apartments,-0.343861900000026,39.465872300000022,-0.343869799999969,39.465870300000034
405,30,688841110.000000000000000, ,apartments,-0.343869799999969,39.465870300000034,-0.343954200000025,39.465895099999955
406,30,688841110.000000000000000, ,apartments,-0.343954200000025,39.465895099999955,-0.344027599999969,39.465916699999966
407,30,688841110.000000000000000, ,apartments,-0.344027599999969,39.465916699999966,-0.344136600000017,39.465948799999957
408,30,688841110.000000000000000, ,apartments,-0.344136600000017,39.465948799999957,-0.344114399999957,39.465994199999983
409,30,688841110.000000000000000, ,apartments,-0.344114399999957,39.465994199999983,-0.344112000000025,39.465999200000041
410,27,688841098.000000000000000, ,apartments,-0.343928200000005,39.465947999999983,-0.344071899999993,39.465988100000011
411,27,688841098.000000000000000, ,apartments,-0.344071899999993,39.465988100000011,-0.344112000000025,39.465999200000041
412,30,688841110.000000000000000, ,apartments,-0.343928200000005,39.465947999999983,-0.344071899999993,39.465988100000011
413,30,688841110.000000000000000, ,apartments,-0.344071899999993,39.465988100000011,-0.344112000000025,39.465999200000041
414,35,688841136.000000000000000, , ,-0.344444099999969,39.465905600000028,-0.344389299999965,39.466016799999991
415,35,688841136.000000000000000, , ,-0.344389299999965,39.466016799999991,-0.344379699999970,39.466036500000023
416,36,688841155.000000000000000, ,apartments,-0.344444099999969,39.465905600000028,-0.344389299999965,39.466016799999991
417,36,688841155.000000000000000, ,apartments,-0.344389299999965,39.466016799999991,-0.344379699999970,39.466036500000023
418,31,688841113.000000000000000, , ,-0.344238700000027,39.465994800000033,-0.344358800000017,39.466030399999958
419,31,688841113.000000000000000, , ,-0.344358800000017,39.466030399999958,-0.344379699999970,39.466036500000023
420,35,688841136.000000000000000, , ,-0.344238700000027,39.465994800000033,-0.344358800000017,39.466030399999958
421,35,688841136.000000000000000, , ,-0.344358800000017,39.466030399999958,-0.344379699999970,39.466036500000023
422,31,688841113.000000000000000, , ,-0.344379699999970,39.466036500000023,-0.344387000000041,39.466038700000027
423,36,688841155.000000000000000, ,apartments,-0.344379699999970,39.466036500000023,-0.344387000000041,39.466038700000027
424,36,688841155.000000000000000, ,apartments,-0.344495000000006,39.466070700000010,-0.344387000000041,39.466038700000027
425,31,688841113.000000000000000, , ,-0.344195999999958,39.466081800000040,-0.344238700000027,39.465994800000033
426,23,688841081.000000000000000, ,apartments,-0.344533900000028,39.466082099999973,-0.344584300000023,39.465979400000002
427,23,688841081.000000000000000, ,apartments,-0.344584300000023,39.465979400000002,-0.344573199999993,39.465976099999999
428,23,688841081.000000000000000, ,apartments,-0.344573199999993,39.465976099999999,-0.344587199999997,39.465947899999975
429,23,688841081.000000000000000, ,apartments,-0.344587199999997,39.465947899999975,-0.344635800000021,39.465849500000004
430,36,688841155.000000000000000, ,apartments,-0.344533900000028,39.466082099999973,-0.344584300000023,39.465979400000002
431,36,688841155.000000000000000, ,apartments,-0.344584300000023,39.465979400000002,-0.344573199999993,39.465976099999999
432,36,688841155.000000000000000, ,apartments,-0.344573199999993,39.465976099999999,-0.344587199999997,39.465947899999975
433,36,688841155.000000000000000, ,apartments,-0.344587199999997,39.465947899999975,-0.344635800000021,39.465849500000004
434,31,688841113.000000000000000, , ,-0.344495000000006,39.466070700000010,-0.344533900000028,39.466082099999973
435,36,688841155.000000000000000, ,apartments,-0.344495000000006,39.466070700000010,-0.344533900000028,39.466082099999973
436,31,688841113.000000000000000, , ,-0.344387000000041,39.466038700000027,-0.344371800000027,39.466068299999989
437,31,688841113.000000000000000, , ,-0.344371800000027,39.466068299999989,-0.344375399999969,39.466069399999988
438,31,688841113.000000000000000, , ,-0.344375399999969,39.466069399999988,-0.344368199999995,39.466084199999969
439,31,688841113.000000000000000, , ,-0.344368199999995,39.466084199999969,-0.344472199999985,39.466115100000039
440,31,688841113.000000000000000, , ,-0.344472199999985,39.466115100000039,-0.344495000000006,39.466070700000010
441,24,688841087.000000000000000, , ,-0.344195999999958,39.466081800000040,-0.344317399999967,39.466117499999974
442,31,688841113.000000000000000, , ,-0.344195999999958,39.466081800000040,-0.344317399999967,39.466117499999974
443,23,688841081.000000000000000, ,apartments,-0.344512300000017,39.466126199999984,-0.344533900000028,39.466082099999973
444,31,688841113.000000000000000, , ,-0.344512300000017,39.466126199999984,-0.344533900000028,39.466082099999973
445,23,688841081.000000000000000, ,apartments,-0.344778199999991,39.465891900000045,-0.344730999999993,39.465989699999966
446,23,688841081.000000000000000, ,apartments,-0.344730999999993,39.465989699999966,-0.344646099999985,39.466165999999987
447,26,688841096.000000000000000, ,apartments,-0.344778199999991,39.465891900000045,-0.344730999999993,39.465989699999966
448,26,688841096.000000000000000, ,apartments,-0.344730999999993,39.465989699999966,-0.344646099999985,39.466165999999987
449,23,688841081.000000000000000, ,apartments,-0.344646099999985,39.466165999999987,-0.344512300000017,39.466126199999984
450,32,688841119.000000000000000, ,apartments,-0.344646099999985,39.466165999999987,-0.344512300000017,39.466126199999984
451,31,688841113.000000000000000, , ,-0.344512300000017,39.466126199999984,-0.344491399999975,39.466168800000041
452,32,688841119.000000000000000, ,apartments,-0.344512300000017,39.466126199999984,-0.344491399999975,39.466168800000041
453,24,688841087.000000000000000, , ,-0.344317399999967,39.466117499999974,-0.344491399999975,39.466168800000041
454,31,688841113.000000000000000, , ,-0.344317399999967,39.466117499999974,-0.344491399999975,39.466168800000041
455,24,688841087.000000000000000, , ,-0.344153199999970,39.466168899999964,-0.344195999999958,39.466081800000040
456,27,688841098.000000000000000, ,apartments,-0.343812600000033,39.466177599999973,-0.343833800000010,39.466133599999971
457,27,688841098.000000000000000, ,apartments,-0.343833800000010,39.466133599999971,-0.343842300000003,39.466115800000011
458,27,688841098.000000000000000, ,apartments,-0.343842300000003,39.466115800000011,-0.343808499999960,39.466106500000038
459,27,688841098.000000000000000, ,apartments,-0.343808499999960,39.466106500000038,-0.343773199999970,39.466096700000030
460,27,688841098.000000000000000, ,apartments,-0.343773199999970,39.466096700000030,-0.343745700000004,39.466089200000027
461,27,688841098.000000000000000, ,apartments,-0.343745700000004,39.466089200000027,-0.343706999999999,39.466078500000030
462,27,688841098.000000000000000, ,apartments,-0.343706999999999,39.466078500000030,-0.343673100000037,39.466069099999963
463,27,688841098.000000000000000, ,apartments,-0.343673100000037,39.466069099999963,-0.343640999999956,39.466059499999972
464,27,688841098.000000000000000, ,apartments,-0.343640999999956,39.466059499999972,-0.343608600000029,39.466049699999957
465,27,688841098.000000000000000, ,apartments,-0.343608600000029,39.466049699999957,-0.343574799999986,39.466039500000001
466,27,688841098.000000000000000, ,apartments,-0.343574799999986,39.466039500000001,-0.343549899999968,39.466032899999988
467,27,688841098.000000000000000, ,apartments,-0.343549899999968,39.466032899999988,-0.343560799999982,39.466009299999989
468,27,688841098.000000000000000, ,apartments,-0.343560799999982,39.466009299999989,-0.343623199999993,39.465872999999995
469,27,688841098.000000000000000, ,apartments,-0.343623199999993,39.465872999999995,-0.343697999999965,39.465894199999973
470,27,688841098.000000000000000, ,apartments,-0.343697999999965,39.465894199999973,-0.343701700000005,39.465884899999999
471,27,688841098.000000000000000, ,apartments,-0.343701700000005,39.465884899999999,-0.343858500000011,39.465928599999977
472,24,688841087.000000000000000, , ,-0.344260200000030,39.466200299999983,-0.344153199999970,39.466168899999964
473,29,688841104.000000000000000, , ,-0.344260200000030,39.466200299999983,-0.344153199999970,39.466168899999964
474,25,688841091.000000000000000, ,apartments,-0.343794000000003,39.466216399999986,-0.343812600000033,39.466177599999973
475,26,688841096.000000000000000, ,apartments,-0.344816000000010,39.466217499999985,-0.344716100000004,39.466186700000016
476,26,688841096.000000000000000, ,apartments,-0.344716100000004,39.466186700000016,-0.344646099999985,39.466165999999987
477,32,688841119.000000000000000, ,apartments,-0.344816000000010,39.466217499999985,-0.344716100000004,39.466186700000016
478,32,688841119.000000000000000, ,apartments,-0.344716100000004,39.466186700000016,-0.344646099999985,39.466165999999987
479,26,688841096.000000000000000, ,apartments,-0.344778199999991,39.465891900000045,-0.344795700000017,39.465897000000027
480,26,688841096.000000000000000, ,apartments,-0.344795700000017,39.465897000000027,-0.344992899999991,39.465955800000003
481,26,688841096.000000000000000, ,apartments,-0.344992899999991,39.465955800000003,-0.344946900000004,39.466049799999965
482,26,688841096.000000000000000, ,apartments,-0.344946900000004,39.466049799999965,-0.344856299999969,39.466229299999988
483,26,688841096.000000000000000, ,apartments,-0.344856299999969,39.466229299999988,-0.344816000000010,39.466217499999985
484,27,688841098.000000000000000, ,apartments,-0.344112000000025,39.465999200000041,-0.344062899999959,39.466101599999988
485,27,688841098.000000000000000, ,apartments,-0.344062899999959,39.466101599999988,-0.344007700000010,39.466213600000017
486,27,688841098.000000000000000, ,apartments,-0.344007700000010,39.466213600000017,-0.343999000000001,39.466231299999976
487,25,688841091.000000000000000, ,apartments,-0.343812600000033,39.466177599999973,-0.343856999999976,39.466190399999967
488,25,688841091.000000000000000, ,apartments,-0.343856999999976,39.466190399999967,-0.343999000000001,39.466231299999976
489,27,688841098.000000000000000, ,apartments,-0.343812600000033,39.466177599999973,-0.343856999999976,39.466190399999967
490,27,688841098.000000000000000, ,apartments,-0.343856999999976,39.466190399999967,-0.343999000000001,39.466231299999976
491,24,688841087.000000000000000, , ,-0.344491399999975,39.466168800000041,-0.344448900000011,39.466255600000032
492,32,688841119.000000000000000, ,apartments,-0.344491399999975,39.466168800000041,-0.344448900000011,39.466255600000032
493,24,688841087.000000000000000, , ,-0.344448900000011,39.466255600000032,-0.344260200000030,39.466200299999983
494,29,688841104.000000000000000, , ,-0.344448900000011,39.466255600000032,-0.344260200000030,39.466200299999983
495,29,688841104.000000000000000, , ,-0.344110299999973,39.466256899999962,-0.344153199999970,39.466168899999964
496,25,688841091.000000000000000, ,apartments,-0.343999000000001,39.466231299999976,-0.343973099999990,39.466283500000031
497,25,688841091.000000000000000, ,apartments,-0.343973099999990,39.466283500000031,-0.343788399999984,39.466227800000041
498,25,688841091.000000000000000, ,apartments,-0.343788399999984,39.466227800000041,-0.343794000000003,39.466216399999986
499,29,688841104.000000000000000, , ,-0.344448900000011,39.466255600000032,-0.344435000000016,39.466283899999972
500,32,688841119.000000000000000, ,apartments,-0.344448900000011,39.466255600000032,-0.344435000000016,39.466283899999972
501,29,688841104.000000000000000, , ,-0.344272900000015,39.466304000000036,-0.344240800000024,39.466294699999978
502,29,688841104.000000000000000, , ,-0.344240800000024,39.466294699999978,-0.344110299999973,39.466256899999962
503,34,688841126.000000000000000, , ,-0.344272900000015,39.466304000000036,-0.344240800000024,39.466294699999978
504,34,688841126.000000000000000, , ,-0.344240800000024,39.466294699999978,-0.344110299999973,39.466256899999962
505,29,688841104.000000000000000, , ,-0.344435000000016,39.466283899999972,-0.344406200000031,39.466342600000033
506,28,688841102.000000000000000, , ,-0.344272900000015,39.466304000000036,-0.344406200000031,39.466342600000033
507,29,688841104.000000000000000, , ,-0.344272900000015,39.466304000000036,-0.344406200000031,39.466342600000033
508,28,688841102.000000000000000, , ,-0.344244100000030,39.466361900000031,-0.344253600000017,39.466342700000041
509,28,688841102.000000000000000, , ,-0.344253600000017,39.466342700000041,-0.344272900000015,39.466304000000036
510,34,688841126.000000000000000, , ,-0.344244100000030,39.466361900000031,-0.344253600000017,39.466342700000041
511,34,688841126.000000000000000, , ,-0.344253600000017,39.466342700000041,-0.344272900000015,39.466304000000036
512,34,688841126.000000000000000, , ,-0.344244100000030,39.466361900000031,-0.344212199999966,39.466352399999955
513,34,688841126.000000000000000, , ,-0.344212199999966,39.466352399999955,-0.344082199999957,39.466314099999984
514,34,688841126.000000000000000, , ,-0.344082199999957,39.466314099999984,-0.344110299999973,39.466256899999962
515,32,688841119.000000000000000, ,apartments,-0.344816000000010,39.466217499999985,-0.344739499999986,39.466373199999992
516,32,688841119.000000000000000, ,apartments,-0.344739499999986,39.466373199999992,-0.344697499999975,39.466360900000041
517,32,688841119.000000000000000, ,apartments,-0.344697499999975,39.466360900000041,-0.344521499999979,39.466309300000034
518,32,688841119.000000000000000, ,apartments,-0.344521499999979,39.466309300000034,-0.344435000000016,39.466283899999972
519,28,688841102.000000000000000, , ,-0.344406200000031,39.466342600000033,-0.344377699999982,39.466400700000044
520,28,688841102.000000000000000, , ,-0.344377699999982,39.466400700000044,-0.344244100000030,39.466361900000031
521,3,317171352.000000000000000,Piscina de Ayora, ,-0.343761299999962,39.466786499999991,-0.343257500000022,39.466847000000023
522,3,317171352.000000000000000,Piscina de Ayora, ,-0.343257500000022,39.466847000000023,-0.343230600000017,39.466713199999965
523,3,317171352.000000000000000,Piscina de Ayora, ,-0.343230600000017,39.466713199999965,-0.343219100000042,39.466651900000045
524,3,317171352.000000000000000,Piscina de Ayora, ,-0.343219100000042,39.466651900000045,-0.343721699999972,39.466592600000027
525,3,317171352.000000000000000,Piscina de Ayora, ,-0.343721699999972,39.466592600000027,-0.343761299999962,39.466786499999991
526,0,23413021.000000000000000,Palacete de Ayora, ,-0.343071600000006,39.468349700000012,-0.343224300000029,39.468393099999965
527,9,415889553.000000000000000, , ,-0.343071600000006,39.468349700000012,-0.343224300000029,39.468393099999965
528,0,23413021.000000000000000,Palacete de Ayora, ,-0.343224300000029,39.468393099999965,-0.343377800000028,39.468436700000019
529,6,415889534.000000000000000, , ,-0.343224300000029,39.468393099999965,-0.343377800000028,39.468436700000019
530,11,415889567.000000000000000, , ,-0.343224300000029,39.468393099999965,-0.343377800000028,39.468436700000019
531,0,23413021.000000000000000,Palacete de Ayora, ,-0.343893599999984,39.468421099999972,-0.343940999999998,39.468282300000034
532,0,23413021.000000000000000,Palacete de Ayora, ,-0.343940999999998,39.468282300000034,-0.344117300000019,39.468318099999976
533,0,23413021.000000000000000,Palacete de Ayora, ,-0.344117300000019,39.468318099999976,-0.344069900000005,39.468456900000000
534,0,23413021.000000000000000,Palacete de Ayora, ,-0.344069900000005,39.468456900000000,-0.343893599999984,39.468421099999972
535,0,23413021.000000000000000,Palacete de Ayora, ,-0.342817600000040,39.468517500000040,-0.342918400000031,39.468306199999965
536,0,23413021.000000000000000,Palacete de Ayora, ,-0.342918400000031,39.468306199999965,-0.343071600000006,39.468349700000012
537,8,415889551.000000000000000, , ,-0.342817600000040,39.468517500000040,-0.342918400000031,39.468306199999965
538,8,415889551.000000000000000, , ,-0.342918400000031,39.468306199999965,-0.343071600000006,39.468349700000012
539,0,23413021.000000000000000,Palacete de Ayora, ,-0.342668200000024,39.468475999999981,-0.342817600000040,39.468517500000040
540,11,415889567.000000000000000, , ,-0.342668200000024,39.468475999999981,-0.342817600000040,39.468517500000040
541,13,415889570.000000000000000, , ,-0.342668200000024,39.468475999999981,-0.342817600000040,39.468517500000040
542,8,415889551.000000000000000, , ,-0.343071600000006,39.468349700000012,-0.342971000000031,39.468560799999985
543,9,415889553.000000000000000, , ,-0.343071600000006,39.468349700000012,-0.342971000000031,39.468560799999985
544,8,415889551.000000000000000, , ,-0.342971000000031,39.468560799999985,-0.342817600000040,39.468517500000040
545,11,415889567.000000000000000, , ,-0.342971000000031,39.468560799999985,-0.342817600000040,39.468517500000040
546,13,415889570.000000000000000, , ,-0.342971000000031,39.468560799999985,-0.342817600000040,39.468517500000040
547,6,415889534.000000000000000, , ,-0.343123799999973,39.468603899999998,-0.343224300000029,39.468393099999965
548,9,415889553.000000000000000, , ,-0.343123799999973,39.468603899999998,-0.343224300000029,39.468393099999965
549,11,415889567.000000000000000, , ,-0.343123799999973,39.468603899999998,-0.343224300000029,39.468393099999965
550,9,415889553.000000000000000, , ,-0.343123799999973,39.468603899999998,-0.342971000000031,39.468560799999985
551,11,415889567.000000000000000, , ,-0.343123799999973,39.468603899999998,-0.342971000000031,39.468560799999985
552,13,415889570.000000000000000, , ,-0.343123799999973,39.468603899999998,-0.342971000000031,39.468560799999985
553,6,415889534.000000000000000, , ,-0.343377800000028,39.468436700000019,-0.343277399999981,39.468647300000036
554,6,415889534.000000000000000, , ,-0.343277399999981,39.468647300000036,-0.343123799999973,39.468603899999998
555,13,415889570.000000000000000, , ,-0.343277399999981,39.468647300000036,-0.343123799999973,39.468603899999998
556,0,23413021.000000000000000,Palacete de Ayora, ,-0.342570899999967,39.468681199999999,-0.342668200000024,39.468475999999981
557,11,415889567.000000000000000, , ,-0.342570899999967,39.468681199999999,-0.342668200000024,39.468475999999981
558,13,415889570.000000000000000, , ,-0.342570899999967,39.468681199999999,-0.342668200000024,39.468475999999981
559,13,415889570.000000000000000, , ,-0.343277399999981,39.468647300000036,-0.343343400000024,39.468665999999985
560,13,415889570.000000000000000, , ,-0.343343400000024,39.468665999999985,-0.343245600000015,39.468872300000001
561,0,23413021.000000000000000,Palacete de Ayora, ,-0.343245600000015,39.468872300000001,-0.343179100000019,39.468853500000044
562,0,23413021.000000000000000,Palacete de Ayora, ,-0.343179100000019,39.468853500000044,-0.342570899999967,39.468681199999999
563,11,415889567.000000000000000, , ,-0.343245600000015,39.468872300000001,-0.343179100000019,39.468853500000044
564,11,415889567.000000000000000, , ,-0.343179100000019,39.468853500000044,-0.342570899999967,39.468681199999999
565,13,415889570.000000000000000, , ,-0.343245600000015,39.468872300000001,-0.343179100000019,39.468853500000044
566,13,415889570.000000000000000, , ,-0.343179100000019,39.468853500000044,-0.342570899999967,39.468681199999999
567,0,23413021.000000000000000,Palacete de Ayora, ,-0.343377800000028,39.468436700000019,-0.343425900000011,39.468450800000028
568,0,23413021.000000000000000,Palacete de Ayora, ,-0.343425900000011,39.468450800000028,-0.343546799999978,39.468652199999994
569,0,23413021.000000000000000,Palacete de Ayora, ,-0.343546799999978,39.468652199999994,-0.343420500000009,39.468921900000019
570,0,23413021.000000000000000,Palacete de Ayora, ,-0.343420500000009,39.468921900000019,-0.343245600000015,39.468872300000001
571,11,415889567.000000000000000, , ,-0.343377800000028,39.468436700000019,-0.343425900000011,39.468450800000028
572,11,415889567.000000000000000, , ,-0.343425900000011,39.468450800000028,-0.343546799999978,39.468652199999994
573,11,415889567.000000000000000, , ,-0.343546799999978,39.468652199999994,-0.343420500000009,39.468921900000019
574,11,415889567.000000000000000, , ,-0.343420500000009,39.468921900000019,-0.343245600000015,39.468872300000001
575,0,23413021.000000000000000,Palacete de Ayora, ,-0.342378699999963,39.468917700000027,-0.342426800000035,39.468817299999976
576,0,23413021.000000000000000,Palacete de Ayora, ,-0.342426800000035,39.468817299999976,-0.342442700000018,39.468820900000011
577,0,23413021.000000000000000,Palacete de Ayora, ,-0.342442700000018,39.468820900000011,-0.342450000000000,39.468808699999975
578,0,23413021.000000000000000,Palacete de Ayora, ,-0.342450000000000,39.468808699999975,-0.342661099999970,39.468868899999983
579,0,23413021.000000000000000,Palacete de Ayora, ,-0.342661099999970,39.468868899999983,-0.342865600000015,39.468927200000010
580,0,23413021.000000000000000,Palacete de Ayora, ,-0.342865600000015,39.468927200000010,-0.342948799999971,39.468951000000025
581,0,23413021.000000000000000,Palacete de Ayora, ,-0.342948799999971,39.468951000000025,-0.342947200000016,39.468963700000010
582,0,23413021.000000000000000,Palacete de Ayora, ,-0.342947200000016,39.468963700000010,-0.342955800000017,39.468966200000040
583,10,415889563.000000000000000, ,apartments,-0.342378699999963,39.468917700000027,-0.342426800000035,39.468817299999976
584,10,415889563.000000000000000, ,apartments,-0.342426800000035,39.468817299999976,-0.342442700000018,39.468820900000011
585,10,415889563.000000000000000, ,apartments,-0.342442700000018,39.468820900000011,-0.342450000000000,39.468808699999975
586,10,415889563.000000000000000, ,apartments,-0.342450000000000,39.468808699999975,-0.342661099999970,39.468868899999983
587,10,415889563.000000000000000, ,apartments,-0.342661099999970,39.468868899999983,-0.342865600000015,39.468927200000010
588,10,415889563.000000000000000, ,apartments,-0.342865600000015,39.468927200000010,-0.342948799999971,39.468951000000025
589,10,415889563.000000000000000, ,apartments,-0.342948799999971,39.468951000000025,-0.342947200000016,39.468963700000010
590,10,415889563.000000000000000, ,apartments,-0.342947200000016,39.468963700000010,-0.342955800000017,39.468966200000040
591,0,23413021.000000000000000,Palacete de Ayora, ,-0.342955800000017,39.468966200000040,-0.342929200000037,39.469020999999955
592,0,23413021.000000000000000,Palacete de Ayora, ,-0.342929200000037,39.469020999999955,-0.342922700000032,39.469034199999982
593,0,23413021.000000000000000,Palacete de Ayora, ,-0.342922700000032,39.469034199999982,-0.342914699999992,39.469051000000043
594,0,23413021.000000000000000,Palacete de Ayora, ,-0.342914699999992,39.469051000000043,-0.342906500000024,39.469067700000004
595,0,23413021.000000000000000,Palacete de Ayora, ,-0.342906500000024,39.469067700000004,-0.342865700000023,39.469151700000026
596,10,415889563.000000000000000, ,apartments,-0.342955800000017,39.468966200000040,-0.342929200000037,39.469020999999955
597,10,415889563.000000000000000, ,apartments,-0.342929200000037,39.469020999999955,-0.342922700000032,39.469034199999982
598,10,415889563.000000000000000, ,apartments,-0.342922700000032,39.469034199999982,-0.342914699999992,39.469051000000043
599,10,415889563.000000000000000, ,apartments,-0.342914699999992,39.469051000000043,-0.342906500000024,39.469067700000004
600,10,415889563.000000000000000, ,apartments,-0.342906500000024,39.469067700000004,-0.342865700000023,39.469151700000026
601,12,415889569.000000000000000, ,apartments,-0.342955800000017,39.468966200000040,-0.342929200000037,39.469020999999955
602,12,415889569.000000000000000, ,apartments,-0.342929200000037,39.469020999999955,-0.342922700000032,39.469034199999982
603,12,415889569.000000000000000, ,apartments,-0.342922700000032,39.469034199999982,-0.342914699999992,39.469051000000043
604,12,415889569.000000000000000, ,apartments,-0.342914699999992,39.469051000000043,-0.342906500000024,39.469067700000004
605,12,415889569.000000000000000, ,apartments,-0.342906500000024,39.469067700000004,-0.342865700000023,39.469151700000026
606,0,23413021.000000000000000,Palacete de Ayora, ,-0.342865700000023,39.469151700000026,-0.342854800000009,39.469148700000041
607,0,23413021.000000000000000,Palacete de Ayora, ,-0.342854800000009,39.469148700000041,-0.342544199999978,39.469060500000026
608,0,23413021.000000000000000,Palacete de Ayora, ,-0.342544199999978,39.469060500000026,-0.342478200000024,39.469041799999992
609,0,23413021.000000000000000,Palacete de Ayora, ,-0.342478200000024,39.469041799999992,-0.342466600000042,39.469038499999982
610,0,23413021.000000000000000,Palacete de Ayora, ,-0.342466600000042,39.469038499999982,-0.342413800000025,39.469023499999984
611,0,23413021.000000000000000,Palacete de Ayora, ,-0.342413800000025,39.469023499999984,-0.342352400000007,39.469005999999958
612,0,23413021.000000000000000,Palacete de Ayora, ,-0.342352400000007,39.469005999999958,-0.342373699999993,39.468962299999987
613,0,23413021.000000000000000,Palacete de Ayora, ,-0.342373699999993,39.468962299999987,-0.342393400000025,39.468921900000019
614,0,23413021.000000000000000,Palacete de Ayora, ,-0.342393400000025,39.468921900000019,-0.342378699999963,39.468917700000027
615,10,415889563.000000000000000, ,apartments,-0.342865700000023,39.469151700000026,-0.342854800000009,39.469148700000041
616,10,415889563.000000000000000, ,apartments,-0.342854800000009,39.469148700000041,-0.342544199999978,39.469060500000026
617,10,415889563.000000000000000, ,apartments,-0.342544199999978,39.469060500000026,-0.342478200000024,39.469041799999992
618,10,415889563.000000000000000, ,apartments,-0.342478200000024,39.469041799999992,-0.342466600000042,39.469038499999982
619,10,415889563.000000000000000, ,apartments,-0.342466600000042,39.469038499999982,-0.342413800000025,39.469023499999984
620,10,415889563.000000000000000, ,apartments,-0.342413800000025,39.469023499999984,-0.342352400000007,39.469005999999958
621,10,415889563.000000000000000, ,apartments,-0.342352400000007,39.469005999999958,-0.342373699999993,39.468962299999987
622,10,415889563.000000000000000, ,apartments,-0.342373699999993,39.468962299999987,-0.342393400000025,39.468921900000019
623,10,415889563.000000000000000, ,apartments,-0.342393400000025,39.468921900000019,-0.342378699999963,39.468917700000027
624,12,415889569.000000000000000, ,apartments,-0.343136400000039,39.469324400000012,-0.343168500000030,39.469258100000033
625,12,415889569.000000000000000, ,apartments,-0.343168500000030,39.469258100000033,-0.343155400000012,39.469254600000014
626,12,415889569.000000000000000, ,apartments,-0.343155400000012,39.469254600000014,-0.343164200000030,39.469236500000022
627,12,415889569.000000000000000, ,apartments,-0.343164200000030,39.469236500000022,-0.342865700000023,39.469151700000026
628,12,415889569.000000000000000, ,apartments,-0.342955800000017,39.468966200000040,-0.342958000000022,39.468966800000004
629,12,415889569.000000000000000, ,apartments,-0.342958000000022,39.468966800000004,-0.342961699999972,39.468958300000011
630,12,415889569.000000000000000, ,apartments,-0.342961699999972,39.468958300000011,-0.343021500000035,39.468974700000032
631,12,415889569.000000000000000, ,apartments,-0.343021500000035,39.468974700000032,-0.343017000000018,39.468983400000042
632,12,415889569.000000000000000, ,apartments,-0.343017000000018,39.468983400000042,-0.343027499999999,39.468986400000027
633,12,415889569.000000000000000, ,apartments,-0.343027499999999,39.468986400000027,-0.343038700000037,39.468989600000022
634,12,415889569.000000000000000, ,apartments,-0.343038700000037,39.468989600000022,-0.343043199999966,39.468980699999996
635,12,415889569.000000000000000, ,apartments,-0.343043199999966,39.468980699999996,-0.343174900000027,39.469016899999971
636,12,415889569.000000000000000, ,apartments,-0.343174900000027,39.469016899999971,-0.343169899999968,39.469026699999986
637,12,415889569.000000000000000, ,apartments,-0.343169899999968,39.469026699999986,-0.343178300000042,39.469029100000007
638,12,415889569.000000000000000, ,apartments,-0.343178300000042,39.469029100000007,-0.343190599999994,39.469032600000027
639,12,415889569.000000000000000, ,apartments,-0.343190599999994,39.469032600000027,-0.343195200000019,39.469022499999994
640,12,415889569.000000000000000, ,apartments,-0.343195200000019,39.469022499999994,-0.343405800000036,39.469080399999989
641,12,415889569.000000000000000, ,apartments,-0.343405800000036,39.469080399999989,-0.343398799999989,39.469091500000019
642,12,415889569.000000000000000, ,apartments,-0.343398799999989,39.469091500000019,-0.343415899999983,39.469097100000035
643,12,415889569.000000000000000, ,apartments,-0.343415899999983,39.469097100000035,-0.343368399999961,39.469193099999984
644,12,415889569.000000000000000, ,apartments,-0.343368399999961,39.469193099999984,-0.343351800000009,39.469188499999959
645,12,415889569.000000000000000, ,apartments,-0.343351800000009,39.469188499999959,-0.343345899999965,39.469200699999995
646,12,415889569.000000000000000, ,apartments,-0.343345899999965,39.469200699999995,-0.343362600000014,39.469204899999987
647,12,415889569.000000000000000, ,apartments,-0.343362600000014,39.469204899999987,-0.343327799999977,39.469275000000010
648,12,415889569.000000000000000, ,apartments,-0.343327799999977,39.469275000000010,-0.343297799999982,39.469335500000042
649,12,415889569.000000000000000, ,apartments,-0.343297799999982,39.469335500000042,-0.343282400000040,39.469331399999973
650,12,415889569.000000000000000, ,apartments,-0.343282400000040,39.469331399999973,-0.343268400000036,39.469360199999954
651,7,415889541.000000000000000, ,apartments,-0.343136400000039,39.469324400000012,-0.343268400000036,39.469360199999954
652,12,415889569.000000000000000, ,apartments,-0.343136400000039,39.469324400000012,-0.343268400000036,39.469360199999954
653,7,415889541.000000000000000, ,apartments,-0.343268400000036,39.469360199999954,-0.343264399999971,39.469368600000031
654,7,415889541.000000000000000, ,apartments,-0.343264399999971,39.469368600000031,-0.343279499999977,39.469372600000007
655,7,415889541.000000000000000, ,apartments,-0.343279499999977,39.469372600000007,-0.343209200000023,39.469514400000016
656,7,415889541.000000000000000, ,apartments,-0.343209200000023,39.469514400000016,-0.343195500000044,39.469510499999956
657,7,415889541.000000000000000, ,apartments,-0.343195500000044,39.469510499999956,-0.343190800000010,39.469520299999971
658,7,415889541.000000000000000, ,apartments,-0.343190800000010,39.469520299999971,-0.343184500000022,39.469533199999972
659,7,415889541.000000000000000, ,apartments,-0.343184500000022,39.469533199999972,-0.343197999999984,39.469537000000017
660,7,415889541.000000000000000, ,apartments,-0.343197999999984,39.469537000000017,-0.343138999999987,39.469656400000041
661,7,415889541.000000000000000, ,apartments,-0.343138999999987,39.469656400000041,-0.343126500000019,39.469652599999989
662,7,415889541.000000000000000, ,apartments,-0.343126500000019,39.469652599999989,-0.343120499999967,39.469664500000000
663,7,415889541.000000000000000, ,apartments,-0.343120499999967,39.469664500000000,-0.342988900000003,39.469627799999984
664,7,415889541.000000000000000, ,apartments,-0.342988900000003,39.469627799999984,-0.342995400000007,39.469614400000026
665,7,415889541.000000000000000, ,apartments,-0.342995400000007,39.469614400000026,-0.342981099999979,39.469610300000042
666,7,415889541.000000000000000, ,apartments,-0.342981099999979,39.469610300000042,-0.343065699999962,39.469437599999964
667,7,415889541.000000000000000, ,apartments,-0.343065699999962,39.469437599999964,-0.343079500000038,39.469441300000007
668,7,415889541.000000000000000, ,apartments,-0.343079500000038,39.469441300000007,-0.343093000000000,39.469413500000016
669,7,415889541.000000000000000, ,apartments,-0.343093000000000,39.469413500000016,-0.343079500000038,39.469409400000032
670,7,415889541.000000000000000, ,apartments,-0.343079500000038,39.469409400000032,-0.343119100000028,39.469328499999996
671,7,415889541.000000000000000, ,apartments,-0.343119100000028,39.469328499999996,-0.343132599999991,39.469332100000031
672,7,415889541.000000000000000, ,apartments,-0.343132599999991,39.469332100000031,-0.343136400000039,39.469324400000012
673,39,689178637.000000000000000, ,apartments,-0.341870400000006,39.469984199999985,-0.341957999999971,39.469804100000005
674,39,689178637.000000000000000, ,apartments,-0.341957999999971,39.469804100000005,-0.342128899999989,39.469850300000004
675,39,689178637.000000000000000, ,apartments,-0.342128899999989,39.469850300000004,-0.342326900000029,39.469907799999966
676,39,689178637.000000000000000, ,apartments,-0.342326900000029,39.469907799999966,-0.342516499999996,39.469962799999990
677,39,689178637.000000000000000, ,apartments,-0.342516499999996,39.469962799999990,-0.342582799999975,39.469981999999980
678,39,689178637.000000000000000, ,apartments,-0.342131500000026,39.470064100000023,-0.341870400000006,39.469984199999985
679,40,689178638.000000000000000, ,apartments,-0.342131500000026,39.470064100000023,-0.341870400000006,39.469984199999985
680,37,689178635.000000000000000, ,apartments,-0.342491900000003,39.470168799999982,-0.342582799999975,39.469981999999980
681,39,689178637.000000000000000, ,apartments,-0.342491900000003,39.470168799999982,-0.342582799999975,39.469981999999980
682,38,689178636.000000000000000, , ,-0.342131500000026,39.470064100000023,-0.342491900000003,39.470168799999982
683,39,689178637.000000000000000, ,apartments,-0.342131500000026,39.470064100000023,-0.342491900000003,39.470168799999982
684,37,689178635.000000000000000, ,apartments,-0.342683000000005,39.470207800000011,-0.342533699999998,39.470163900000017
685,37,689178635.000000000000000, ,apartments,-0.342533699999998,39.470163900000017,-0.342526400000016,39.470178599999990
686,37,689178635.000000000000000, ,apartments,-0.342526400000016,39.470178599999990,-0.342491900000003,39.470168799999982
687,38,689178636.000000000000000, , ,-0.342683000000005,39.470207800000011,-0.342533699999998,39.470163900000017
688,38,689178636.000000000000000, , ,-0.342533699999998,39.470163900000017,-0.342526400000016,39.470178599999990
689,38,689178636.000000000000000, , ,-0.342526400000016,39.470178599999990,-0.342491900000003,39.470168799999982
690,37,689178635.000000000000000, ,apartments,-0.342730799999964,39.470221800000012,-0.342738900000012,39.470205000000043
691,37,689178635.000000000000000, ,apartments,-0.342738900000012,39.470205000000043,-0.342690900000037,39.470191299999975
692,37,689178635.000000000000000, ,apartments,-0.342690900000037,39.470191299999975,-0.342683000000005,39.470207800000011
693,38,689178636.000000000000000, , ,-0.342683000000005,39.470207800000011,-0.342730799999964,39.470221800000012
694,37,689178635.000000000000000, ,apartments,-0.342582799999975,39.469981999999980,-0.342665900000012,39.470001399999987
695,37,689178635.000000000000000, ,apartments,-0.342665900000012,39.470001399999987,-0.342855299999962,39.470055600000030
696,37,689178635.000000000000000, ,apartments,-0.342855299999962,39.470055600000030,-0.342918300000023,39.470073600000006
697,37,689178635.000000000000000, ,apartments,-0.342918300000023,39.470073600000006,-0.342831999999988,39.470251499999982
698,37,689178635.000000000000000, ,apartments,-0.342831999999988,39.470251499999982,-0.342730799999964,39.470221800000012
699,38,689178636.000000000000000, , ,-0.342831999999988,39.470251499999982,-0.342730799999964,39.470221800000012
700,40,689178638.000000000000000, ,apartments,-0.341722500000025,39.470287899999974,-0.341870400000006,39.469984199999985
701,38,689178636.000000000000000, , ,-0.341983100000005,39.470364999999958,-0.342131500000026,39.470064100000023
702,40,689178638.000000000000000, ,apartments,-0.341983100000005,39.470364999999958,-0.342131500000026,39.470064100000023
703,40,689178638.000000000000000, ,apartments,-0.341983100000005,39.470364999999958,-0.341722500000025,39.470287899999974
704,41,689178639.000000000000000, ,apartments,-0.341983100000005,39.470364999999958,-0.341722500000025,39.470287899999974
705,38,689178636.000000000000000, , ,-0.342021800000009,39.470376400000013,-0.341983100000005,39.470364999999958
706,41,689178639.000000000000000, ,apartments,-0.342021800000009,39.470376400000013,-0.341983100000005,39.470364999999958
707,41,689178639.000000000000000, ,apartments,-0.342021800000009,39.470376400000013,-0.342005800000018,39.470446699999968
708,41,689178639.000000000000000, ,apartments,-0.342005800000018,39.470446699999968,-0.342005099999960,39.470449700000039
709,41,689178639.000000000000000, ,apartments,-0.342005099999960,39.470449700000039,-0.342016999999967,39.470452999999956
710,41,689178639.000000000000000, ,apartments,-0.342016999999967,39.470452999999956,-0.342007299999964,39.470472900000004
711,41,689178639.000000000000000, ,apartments,-0.342007299999964,39.470472900000004,-0.341967599999966,39.470553700000032
712,42,689178640.000000000000000, ,apartments,-0.342021800000009,39.470376400000013,-0.342005800000018,39.470446699999968
713,42,689178640.000000000000000, ,apartments,-0.342005800000018,39.470446699999968,-0.342005099999960,39.470449700000039
714,42,689178640.000000000000000, ,apartments,-0.342005099999960,39.470449700000039,-0.342016999999967,39.470452999999956
715,42,689178640.000000000000000, ,apartments,-0.342016999999967,39.470452999999956,-0.342007299999964,39.470472900000004
716,42,689178640.000000000000000, ,apartments,-0.342007299999964,39.470472900000004,-0.341967599999966,39.470553700000032
717,41,689178639.000000000000000, ,apartments,-0.341967599999966,39.470553700000032,-0.341913899999963,39.470537800000045
718,41,689178639.000000000000000, ,apartments,-0.341913899999963,39.470537800000045,-0.341747400000043,39.470488300000035
719,41,689178639.000000000000000, ,apartments,-0.341747400000043,39.470488300000035,-0.341641199999960,39.470456700000000
720,41,689178639.000000000000000, ,apartments,-0.341641199999960,39.470456700000000,-0.341690400000034,39.470354499999978
721,41,689178639.000000000000000, ,apartments,-0.341690400000034,39.470354499999978,-0.341722500000025,39.470287899999974
722,38,689178636.000000000000000, , ,-0.342831999999988,39.470251499999982,-0.342675700000023,39.470568600000021
723,38,689178636.000000000000000, , ,-0.342675700000023,39.470568600000021,-0.342609400000044,39.470549100000007
724,38,689178636.000000000000000, , ,-0.342609400000044,39.470549100000007,-0.342348500000040,39.470472399999963
725,38,689178636.000000000000000, , ,-0.342348500000040,39.470472399999963,-0.342021800000009,39.470376400000013
726,42,689178640.000000000000000, ,apartments,-0.342675700000023,39.470568600000021,-0.342609400000044,39.470549100000007
727,42,689178640.000000000000000, ,apartments,-0.342609400000044,39.470549100000007,-0.342348500000040,39.470472399999963
728,42,689178640.000000000000000, ,apartments,-0.342348500000040,39.470472399999963,-0.342021800000009,39.470376400000013
729,42,689178640.000000000000000, ,apartments,-0.342675700000023,39.470568600000021,-0.342651100000030,39.470621999999999
730,42,689178640.000000000000000, ,apartments,-0.342651100000030,39.470621999999999,-0.342594799999991,39.470739100000003
731,42,689178640.000000000000000, ,apartments,-0.342594799999991,39.470739100000003,-0.342149700000022,39.470607599999958
732,42,689178640.000000000000000, ,apartments,-0.342149700000022,39.470607599999958,-0.341967599999966,39.470553700000032
733,1,255555422.000000000000000, ,apartments,-0.341866100000005,39.471717999999996,-0.341634400000019,39.471650600000018
734,1,255555422.000000000000000, ,apartments,-0.341634400000019,39.471650600000018,-0.341673100000023,39.471570200000023
735,1,255555422.000000000000000, ,apartments,-0.341673100000023,39.471570200000023,-0.341745299999958,39.471590500000019
736,1,255555422.000000000000000, ,apartments,-0.341745299999958,39.471590500000019,-0.341790100000023,39.471496399999957
737,1,255555422.000000000000000, ,apartments,-0.341790100000023,39.471496399999957,-0.341721099999998,39.471477499999992
738,1,255555422.000000000000000, ,apartments,-0.341721099999998,39.471477499999992,-0.341765200000005,39.471390399999983
739,1,255555422.000000000000000, ,apartments,-0.341765200000005,39.471390399999983,-0.341831299999968,39.471408300000043
740,1,255555422.000000000000000, ,apartments,-0.341831299999968,39.471408300000043,-0.341886500000005,39.471292499999961
741,1,255555422.000000000000000, ,apartments,-0.341886500000005,39.471292499999961,-0.341820699999979,39.471273000000039
742,1,255555422.000000000000000, ,apartments,-0.341820699999979,39.471273000000039,-0.341864100000017,39.471184600000008
743,1,255555422.000000000000000, ,apartments,-0.341864100000017,39.471184600000008,-0.341929600000019,39.471204399999955
744,1,255555422.000000000000000, ,apartments,-0.341929600000019,39.471204399999955,-0.341976099999958,39.471109600000020
745,1,255555422.000000000000000, ,apartments,-0.341976099999958,39.471109600000020,-0.341908300000033,39.471087499999967
746,1,255555422.000000000000000, ,apartments,-0.341908300000033,39.471087499999967,-0.341961099999961,39.470978800000033
747,1,255555422.000000000000000, ,apartments,-0.341961099999961,39.470978800000033,-0.342031099999979,39.470999300000038
748,1,255555422.000000000000000, ,apartments,-0.342031099999979,39.470999300000038,-0.342072999999982,39.470909000000027
749,1,255555422.000000000000000, ,apartments,-0.342072999999982,39.470909000000027,-0.342005700000009,39.470888500000022
750,1,255555422.000000000000000, ,apartments,-0.342005700000009,39.470888500000022,-0.342045300000000,39.470809399999958
751,1,255555422.000000000000000, ,apartments,-0.342045300000000,39.470809399999958,-0.342278600000029,39.470876600000011
752,1,255555422.000000000000000, ,apartments,-0.342278600000029,39.470876600000011,-0.342240000000033,39.470956400000041
753,1,255555422.000000000000000, ,apartments,-0.342240000000033,39.470956400000041,-0.342170300000039,39.470936299999977
754,1,255555422.000000000000000, ,apartments,-0.342170300000039,39.470936299999977,-0.341840899999963,39.471617099999996
755,1,255555422.000000000000000, ,apartments,-0.341840899999963,39.471617099999996,-0.341905900000012,39.471635800000037
756,1,255555422.000000000000000, ,apartments,-0.341905900000012,39.471635800000037,-0.341866100000005,39.471717999999996
757,4,391550332.000000000000000, ,apartments,-0.341492500000002,39.472882700000000,-0.341145100000035,39.472780699999994
758,4,391550332.000000000000000, ,apartments,-0.341145100000035,39.472780699999994,-0.341277499999976,39.472511999999966
759,4,391550332.000000000000000, ,apartments,-0.341277499999976,39.472511999999966,-0.341624900000032,39.472613999999972
760,4,391550332.000000000000000, ,apartments,-0.341624900000032,39.472613999999972,-0.341492500000002,39.472882700000000
761,5,391550339.000000000000000, ,apartments,-0.341133000000011,39.473622500000012,-0.340595999999988,39.473464900000032
762,5,391550339.000000000000000, ,apartments,-0.340595999999988,39.473464900000032,-0.340680599999971,39.473297400000028
763,5,391550339.000000000000000, ,apartments,-0.340680599999971,39.473297400000028,-0.341214199999979,39.473452900000012
764,5,391550339.000000000000000, ,apartments,-0.341214199999979,39.473452900000012,-0.341133000000011,39.473622500000012